{"3024":{"name":"3024","colors":{"base00":"#090300","base01":"#3a3432","base02":"#4a4543","base03":"#5c5855","base04":"#807d7c","base05":"#a5a2a2","base06":"#d6d5d4","base07":"#f7f7f7","base08":"#db2d20","base09":"#e8bbd0","base0A":"#fded02","base0B":"#01a252","base0C":"#b5e4f4","base0D":"#01a0e4","base0E":"#a16a94","base0F":"#cdab53"},"order":-1,"dark":true},"apathy":{"name":"apathy","colors":{"base00":"#031A16","base01":"#0B342D","base02":"#184E45","base03":"#2B685E","base04":"#5F9C92","base05":"#81B5AC","base06":"#A7CEC8","base07":"#D2E7E4","base08":"#3E9688","base09":"#3E7996","base0A":"#3E4C96","base0B":"#883E96","base0C":"#963E4C","base0D":"#96883E","base0E":"#4C963E","base0F":"#3E965B"},"dark":true},"apprentice":{"name":"apprentice","colors":{"base00":"#262626","base01":"#303030","base02":"#333333","base03":"#6C6C6C","base04":"#787878","base05":"#BCBCBC","base06":"#C9C9C9","base07":"#FFFFFF","base08":"#5F8787","base09":"#FF8700","base0A":"#5F8787","base0B":"#87AF87","base0C":"#5F875F","base0D":"#FFFFAF","base0E":"#87AFD7","base0F":"#5F87AF"},"dark":true},"atelier-cave-light":{"name":"atelier-cave-light","colors":{"base00":"#efecf4","base01":"#e2dfe7","base02":"#8b8792","base03":"#7e7887","base04":"#655f6d","base05":"#585260","base06":"#26232a","base07":"#19171c","base08":"#be4678","base09":"#aa573c","base0A":"#a06e3b","base0B":"#2a9292","base0C":"#398bc6","base0D":"#576ddb","base0E":"#955ae7","base0F":"#bf40bf"},"dark":false},"atelier-cave":{"name":"atelier-cave","colors":{"base00":"#19171c","base01":"#26232a","base02":"#585260","base03":"#655f6d","base04":"#7e7887","base05":"#8b8792","base06":"#e2dfe7","base07":"#efecf4","base08":"#be4678","base09":"#aa573c","base0A":"#a06e3b","base0B":"#2a9292","base0C":"#398bc6","base0D":"#576ddb","base0E":"#955ae7","base0F":"#bf40bf"},"dark":true},"atelier-dune-light":{"name":"atelier-dune-light","colors":{"base00":"#fefbec","base01":"#e8e4cf","base02":"#a6a28c","base03":"#999580","base04":"#7d7a68","base05":"#6e6b5e","base06":"#292824","base07":"#20201d","base08":"#d73737","base09":"#b65611","base0A":"#ae9513","base0B":"#60ac39","base0C":"#1fad83","base0D":"#6684e1","base0E":"#b854d4","base0F":"#d43552"},"dark":false},"atelier-dune":{"name":"atelier-dune","colors":{"base00":"#20201d","base01":"#292824","base02":"#6e6b5e","base03":"#7d7a68","base04":"#999580","base05":"#a6a28c","base06":"#e8e4cf","base07":"#fefbec","base08":"#d73737","base09":"#b65611","base0A":"#ae9513","base0B":"#60ac39","base0C":"#1fad83","base0D":"#6684e1","base0E":"#b854d4","base0F":"#d43552"},"dark":true},"atelier-estuary-light":{"name":"atelier-estuary-light","colors":{"base00":"#f4f3ec","base01":"#e7e6df","base02":"#929181","base03":"#878573","base04":"#6c6b5a","base05":"#5f5e4e","base06":"#302f27","base07":"#22221b","base08":"#ba6236","base09":"#ae7313","base0A":"#a5980d","base0B":"#7d9726","base0C":"#5b9d48","base0D":"#36a166","base0E":"#5f9182","base0F":"#9d6c7c"},"dark":false},"atelier-estuary":{"name":"atelier-estuary","colors":{"base00":"#22221b","base01":"#302f27","base02":"#5f5e4e","base03":"#6c6b5a","base04":"#878573","base05":"#929181","base06":"#e7e6df","base07":"#f4f3ec","base08":"#ba6236","base09":"#ae7313","base0A":"#a5980d","base0B":"#7d9726","base0C":"#5b9d48","base0D":"#36a166","base0E":"#5f9182","base0F":"#9d6c7c"},"dark":true},"atelier-forest-light":{"name":"atelier-forest-light","colors":{"base00":"#f1efee","base01":"#e6e2e0","base02":"#a8a19f","base03":"#9c9491","base04":"#766e6b","base05":"#68615e","base06":"#2c2421","base07":"#1b1918","base08":"#f22c40","base09":"#df5320","base0A":"#c38418","base0B":"#7b9726","base0C":"#3d97b8","base0D":"#407ee7","base0E":"#6666ea","base0F":"#c33ff3"},"dark":false},"atelier-forest":{"name":"atelier-forest","colors":{"base00":"#1b1918","base01":"#2c2421","base02":"#68615e","base03":"#766e6b","base04":"#9c9491","base05":"#a8a19f","base06":"#e6e2e0","base07":"#f1efee","base08":"#f22c40","base09":"#df5320","base0A":"#c38418","base0B":"#7b9726","base0C":"#3d97b8","base0D":"#407ee7","base0E":"#6666ea","base0F":"#c33ff3"},"dark":true},"atelier-heath-light":{"name":"atelier-heath-light","colors":{"base00":"#f7f3f7","base01":"#d8cad8","base02":"#ab9bab","base03":"#9e8f9e","base04":"#776977","base05":"#695d69","base06":"#292329","base07":"#1b181b","base08":"#ca402b","base09":"#a65926","base0A":"#bb8a35","base0B":"#918b3b","base0C":"#159393","base0D":"#516aec","base0E":"#7b59c0","base0F":"#cc33cc"},"dark":false},"atelier-heath":{"name":"atelier-heath","colors":{"base00":"#1b181b","base01":"#292329","base02":"#695d69","base03":"#776977","base04":"#9e8f9e","base05":"#ab9bab","base06":"#d8cad8","base07":"#f7f3f7","base08":"#ca402b","base09":"#a65926","base0A":"#bb8a35","base0B":"#918b3b","base0C":"#159393","base0D":"#516aec","base0E":"#7b59c0","base0F":"#cc33cc"},"dark":true},"atelier-lakeside-light":{"name":"atelier-lakeside-light","colors":{"base00":"#ebf8ff","base01":"#c1e4f6","base02":"#7ea2b4","base03":"#7195a8","base04":"#5a7b8c","base05":"#516d7b","base06":"#1f292e","base07":"#161b1d","base08":"#d22d72","base09":"#935c25","base0A":"#8a8a0f","base0B":"#568c3b","base0C":"#2d8f6f","base0D":"#257fad","base0E":"#6b6bb8","base0F":"#b72dd2"},"dark":false},"atelier-lakeside":{"name":"atelier-lakeside","colors":{"base00":"#161b1d","base01":"#1f292e","base02":"#516d7b","base03":"#5a7b8c","base04":"#7195a8","base05":"#7ea2b4","base06":"#c1e4f6","base07":"#ebf8ff","base08":"#d22d72","base09":"#935c25","base0A":"#8a8a0f","base0B":"#568c3b","base0C":"#2d8f6f","base0D":"#257fad","base0E":"#6b6bb8","base0F":"#b72dd2"},"dark":true},"atelier-plateau-light":{"name":"atelier-plateau-light","colors":{"base00":"#f4ecec","base01":"#e7dfdf","base02":"#8a8585","base03":"#7e7777","base04":"#655d5d","base05":"#585050","base06":"#292424","base07":"#1b1818","base08":"#ca4949","base09":"#b45a3c","base0A":"#a06e3b","base0B":"#4b8b8b","base0C":"#5485b6","base0D":"#7272ca","base0E":"#8464c4","base0F":"#bd5187"},"dark":false},"atelier-plateau":{"name":"atelier-plateau","colors":{"base00":"#1b1818","base01":"#292424","base02":"#585050","base03":"#655d5d","base04":"#7e7777","base05":"#8a8585","base06":"#e7dfdf","base07":"#f4ecec","base08":"#ca4949","base09":"#b45a3c","base0A":"#a06e3b","base0B":"#4b8b8b","base0C":"#5485b6","base0D":"#7272ca","base0E":"#8464c4","base0F":"#bd5187"},"dark":true},"atelier-savanna-light":{"name":"atelier-savanna-light","colors":{"base00":"#ecf4ee","base01":"#dfe7e2","base02":"#87928a","base03":"#78877d","base04":"#5f6d64","base05":"#526057","base06":"#232a25","base07":"#171c19","base08":"#b16139","base09":"#9f713c","base0A":"#a07e3b","base0B":"#489963","base0C":"#1c9aa0","base0D":"#478c90","base0E":"#55859b","base0F":"#867469"},"dark":false},"atelier-savanna":{"name":"atelier-savanna","colors":{"base00":"#171c19","base01":"#232a25","base02":"#526057","base03":"#5f6d64","base04":"#78877d","base05":"#87928a","base06":"#dfe7e2","base07":"#ecf4ee","base08":"#b16139","base09":"#9f713c","base0A":"#a07e3b","base0B":"#489963","base0C":"#1c9aa0","base0D":"#478c90","base0E":"#55859b","base0F":"#867469"},"dark":true},"atelier-seaside-light":{"name":"atelier-seaside-light","colors":{"base00":"#f4fbf4","base01":"#cfe8cf","base02":"#8ca68c","base03":"#809980","base04":"#687d68","base05":"#5e6e5e","base06":"#242924","base07":"#131513","base08":"#e6193c","base09":"#87711d","base0A":"#98981b","base0B":"#29a329","base0C":"#1999b3","base0D":"#3d62f5","base0E":"#ad2bee","base0F":"#e619c3"},"dark":false},"atelier-seaside":{"name":"atelier-seaside","colors":{"base00":"#131513","base01":"#242924","base02":"#5e6e5e","base03":"#687d68","base04":"#809980","base05":"#8ca68c","base06":"#cfe8cf","base07":"#f4fbf4","base08":"#e6193c","base09":"#87711d","base0A":"#98981b","base0B":"#29a329","base0C":"#1999b3","base0D":"#3d62f5","base0E":"#ad2bee","base0F":"#e619c3"},"dark":true},"atelier-sulphurpool-light":{"name":"atelier-sulphurpool-light","colors":{"base00":"#f5f7ff","base01":"#dfe2f1","base02":"#979db4","base03":"#898ea4","base04":"#6b7394","base05":"#5e6687","base06":"#293256","base07":"#202746","base08":"#c94922","base09":"#c76b29","base0A":"#c08b30","base0B":"#ac9739","base0C":"#22a2c9","base0D":"#3d8fd1","base0E":"#6679cc","base0F":"#9c637a"},"dark":false},"atelier-sulphurpool":{"name":"atelier-sulphurpool","colors":{"base00":"#202746","base01":"#293256","base02":"#5e6687","base03":"#6b7394","base04":"#898ea4","base05":"#979db4","base06":"#dfe2f1","base07":"#f5f7ff","base08":"#c94922","base09":"#c76b29","base0A":"#c08b30","base0B":"#ac9739","base0C":"#22a2c9","base0D":"#3d8fd1","base0E":"#6679cc","base0F":"#9c637a"},"dark":true},"atlas":{"name":"atlas","colors":{"base00":"#002635","base01":"#00384d","base02":"#517F8D","base03":"#6C8B91","base04":"#869696","base05":"#a1a19a","base06":"#e6e6dc","base07":"#fafaf8","base08":"#ff5a67","base09":"#f08e48","base0A":"#ffcc1b","base0B":"#7fc06e","base0C":"#14747e","base0D":"#5dd7b9","base0E":"#9a70a4","base0F":"#c43060"},"dark":true},"bespin":{"name":"bespin","colors":{"base00":"#28211c","base01":"#36312e","base02":"#5e5d5c","base03":"#666666","base04":"#797977","base05":"#8a8986","base06":"#9d9b97","base07":"#baae9e","base08":"#cf6a4c","base09":"#cf7d34","base0A":"#f9ee98","base0B":"#54be0d","base0C":"#afc4db","base0D":"#5ea6ea","base0E":"#9b859d","base0F":"#937121"},"dark":true},"brewer":{"name":"brewer","colors":{"base00":"#0c0d0e","base01":"#2e2f30","base02":"#515253","base03":"#737475","base04":"#959697","base05":"#b7b8b9","base06":"#dadbdc","base07":"#fcfdfe","base08":"#e31a1c","base09":"#e6550d","base0A":"#dca060","base0B":"#31a354","base0C":"#80b1d3","base0D":"#3182bd","base0E":"#756bb1","base0F":"#b15928"},"dark":true},"bright":{"name":"bright","colors":{"base00":"#000000","base01":"#303030","base02":"#505050","base03":"#b0b0b0","base04":"#d0d0d0","base05":"#e0e0e0","base06":"#f5f5f5","base07":"#ffffff","base08":"#fb0120","base09":"#fc6d24","base0A":"#fda331","base0B":"#a1c659","base0C":"#76c7b7","base0D":"#6fb3d2","base0E":"#d381c3","base0F":"#be643c"},"dark":true},"brush-trees-dark":{"name":"brush-trees-dark","colors":{"base00":"#485867","base01":"#5A6D7A","base02":"#6D828E","base03":"#8299A1","base04":"#98AFB5","base05":"#B0C5C8","base06":"#C9DBDC","base07":"#E3EFEF","base08":"#b38686","base09":"#d8bba2","base0A":"#aab386","base0B":"#87b386","base0C":"#86b3b3","base0D":"#868cb3","base0E":"#b386b2","base0F":"#b39f9f"},"dark":true},"brush-trees":{"name":"brush-trees","colors":{"base00":"#E3EFEF","base01":"#C9DBDC","base02":"#B0C5C8","base03":"#98AFB5","base04":"#8299A1","base05":"#6D828E","base06":"#5A6D7A","base07":"#485867","base08":"#b38686","base09":"#d8bba2","base0A":"#aab386","base0B":"#87b386","base0C":"#86b3b3","base0D":"#868cb3","base0E":"#b386b2","base0F":"#b39f9f"},"dark":false},"chalk":{"name":"chalk","colors":{"base00":"#151515","base01":"#202020","base02":"#303030","base03":"#505050","base04":"#b0b0b0","base05":"#d0d0d0","base06":"#e0e0e0","base07":"#f5f5f5","base08":"#fb9fb1","base09":"#eda987","base0A":"#ddb26f","base0B":"#acc267","base0C":"#12cfc0","base0D":"#6fc2ef","base0E":"#e1a3ee","base0F":"#deaf8f"},"dark":true},"china-danqing-light":{"name":"中国风丹青(亮)","colors":{"base00":"#fafafa","base01":"#f0f0f1","base02":"#e5e5e6","base03":"#a0a1a7","base04":"#696c77","base05":"#383a42","base06":"#202227","base07":"#090a0b","base08":"#9A394F","base09":"#8E615F","base0A":"#5A6940","base0B":"#306754","base0C":"#005A8D","base0D":"#395DB2","base0E":"#5F549B","base0F":"#A03C6D"},"order":5,"dark":false},"china-danqing-dark":{"name":"中国风丹青(暗)","colors":{"base00":"#2d302f","base01":"#434846","base02":"#5a605d","base03":"#9da8a3","base04":"#cad8d2","base05":"#e0f0eF","base06":"#ecf6f2","base07":"#fcfefd","base08":"#F9906F","base09":"#B38A61","base0A":"#F0C239","base0B":"#8AB361","base0C":"#30DFF3","base0D":"#B0A4E3","base0E":"#CCA4E3","base0F":"#CA6924"},"order":5,"dark":true},"china-traditional-light":{"name":"中国传统色(亮)","colors":{"base00":"#F8F4ED","base01":"#E7E3DB","base02":"#C7D2D4","base03":"#A4ACA7","base04":"#3a403b","base05":"#2B312C","base06":"#141714","base07":"#090a09","base08":"#EE3F4D","base09":"#12AA9C","base0A":"#619AC3","base0B":"#41AE3C","base0C":"#983680","base0D":"#B78D12","base0E":"#FC7930","base0F":"#CC5595"},"good":true,"order":6,"dark":false},"china-traditional-night":{"name":"中国传统色(暗)","colors":{"base00":"#2B312C","base01":"#1A2413","base02":"#474B4C","base03":"#617172","base04":"#efebe5","base05":"#E4DFD7","base06":"#f3f1ed","base07":"#f9f7f5","base08":"#EE3F4D","base09":"#619AC3","base0A":"#EEA6B7","base0B":"#96C2E4","base0C":"#C8ADC4","base0D":"#D276A3","base0E":"#FC7930","base0F":"#57C3C2"},"order":6,"dark":true},"circus":{"name":"circus","colors":{"base00":"#191919","base01":"#202020","base02":"#303030","base03":"#5f5a60","base04":"#505050","base05":"#a7a7a7","base06":"#808080","base07":"#ffffff","base08":"#dc657d","base09":"#4bb1a7","base0A":"#c3ba63","base0B":"#84b97c","base0C":"#4bb1a7","base0D":"#639ee4","base0E":"#b888e2","base0F":"#b888e2"},"dark":true},"classic-dark":{"name":"classic-dark","colors":{"base00":"#151515","base01":"#202020","base02":"#303030","base03":"#505050","base04":"#B0B0B0","base05":"#D0D0D0","base06":"#E0E0E0","base07":"#F5F5F5","base08":"#AC4142","base09":"#D28445","base0A":"#F4BF75","base0B":"#90A959","base0C":"#75B5AA","base0D":"#6A9FB5","base0E":"#AA759F","base0F":"#8F5536"},"dark":true},"classic-light":{"name":"classic-light","colors":{"base00":"#F5F5F5","base01":"#E0E0E0","base02":"#D0D0D0","base03":"#B0B0B0","base04":"#505050","base05":"#303030","base06":"#202020","base07":"#151515","base08":"#AC4142","base09":"#D28445","base0A":"#F4BF75","base0B":"#90A959","base0C":"#75B5AA","base0D":"#6A9FB5","base0E":"#AA759F","base0F":"#8F5536"},"dark":false},"colors":{"name":"colors","colors":{"base00":"#111111","base01":"#333333","base02":"#555555","base03":"#777777","base04":"#999999","base05":"#bbbbbb","base06":"#dddddd","base07":"#ffffff","base08":"#ff4136","base09":"#ff851b","base0A":"#ffdc00","base0B":"#2ecc40","base0C":"#7fdbff","base0D":"#0074d9","base0E":"#b10dc9","base0F":"#85144b"},"dark":true},"cupcake":{"name":"cupcake","colors":{"base00":"#fbf1f2","base01":"#f2f1f4","base02":"#d8d5dd","base03":"#bfb9c6","base04":"#a59daf","base05":"#8b8198","base06":"#72677E","base07":"#585062","base08":"#D57E85","base09":"#EBB790","base0A":"#DCB16C","base0B":"#A3B367","base0C":"#69A9A7","base0D":"#7297B9","base0E":"#BB99B4","base0F":"#BAA58C"},"dark":false},"cupertino":{"name":"cupertino","colors":{"base00":"#ffffff","base01":"#edecec","base02":"#c0c0c0","base03":"#808080","base04":"#707070","base05":"#404040","base06":"#2b2b2b","base07":"#0d0d0d","base08":"#c41a15","base09":"#eb8500","base0A":"#826b28","base0B":"#007400","base0C":"#318495","base0D":"#0000ff","base0E":"#a90d91","base0F":"#826b28"},"dark":false},"da-one-black":{"name":"da-one-black","colors":{"base00":"#000000","base01":"#282828","base02":"#585858","base03":"#888888","base04":"#c8c8c8","base05":"#ffffff","base06":"#ffffff","base07":"#ffffff","base08":"#fa7883","base09":"#ffc387","base0A":"#ff9470","base0B":"#98c379","base0C":"#8af5ff","base0D":"#6bb8ff","base0E":"#e799ff","base0F":"#b3684f"},"dark":true},"da-one-gray":{"name":"da-one-gray","colors":{"base00":"#181818","base01":"#282828","base02":"#585858","base03":"#888888","base04":"#c8c8c8","base05":"#ffffff","base06":"#ffffff","base07":"#ffffff","base08":"#fa7883","base09":"#ffc387","base0A":"#ff9470","base0B":"#98c379","base0C":"#8af5ff","base0D":"#6bb8ff","base0E":"#e799ff","base0F":"#b3684f"},"dark":true},"da-one-ocean":{"name":"da-one-ocean","colors":{"base00":"#171726","base01":"#22273d","base02":"#525866","base03":"#878d96","base04":"#c8c8c8","base05":"#ffffff","base06":"#ffffff","base07":"#ffffff","base08":"#fa7883","base09":"#ffc387","base0A":"#ff9470","base0B":"#98c379","base0C":"#8af5ff","base0D":"#6bb8ff","base0E":"#e799ff","base0F":"#b3684f"},"dark":true},"da-one-paper":{"name":"da-one-paper","colors":{"base00":"#faf0dc","base01":"#c8c8c8","base02":"#888888","base03":"#585858","base04":"#282828","base05":"#181818","base06":"#000000","base07":"#000000","base08":"#de5d6e","base09":"#ff9470","base0A":"#b3684f","base0B":"#76a85d","base0C":"#64b5a7","base0D":"#5890f8","base0E":"#c173d1","base0F":"#b3684f"},"dark":false},"da-one-white":{"name":"da-one-white","colors":{"base00":"#ffffff","base01":"#ececec","base02":"#d0d0d0","base03":"#888888","base04":"#585858","base05":"#282828","base06":"#181818","base07":"#000000","base08":"#de5d6e","base09":"#ff9470","base0A":"#b3684f","base0B":"#76a85d","base0C":"#64b5a7","base0D":"#5890f8","base0E":"#c173d1","base0F":"#b3684f"},"dark":false},"darcula":{"name":"darcula","colors":{"base00":"#2b2b2b","base01":"#323232","base02":"#323232","base03":"#606366","base04":"#a4a3a3","base05":"#a9b7c6","base06":"#ffc66d","base07":"#ffffff","base08":"#4eade5","base09":"#689757","base0A":"#bbb529","base0B":"#6a8759","base0C":"#629755","base0D":"#9876aa","base0E":"#cc7832","base0F":"#808080"},"dark":true},"darkmoss":{"name":"darkmoss","colors":{"base00":"#171e1f","base01":"#252c2d","base02":"#373c3d","base03":"#555e5f","base04":"#818f80","base05":"#c7c7a5","base06":"#e3e3c8","base07":"#e1eaef","base08":"#ff4658","base09":"#e6db74","base0A":"#fdb11f","base0B":"#499180","base0C":"#66d9ef","base0D":"#498091","base0E":"#9bc0c8","base0F":"#d27b53"},"dark":true},"darktooth":{"name":"darktooth","colors":{"base00":"#1D2021","base01":"#32302F","base02":"#504945","base03":"#665C54","base04":"#928374","base05":"#A89984","base06":"#D5C4A1","base07":"#FDF4C1","base08":"#FB543F","base09":"#FE8625","base0A":"#FAC03B","base0B":"#95C085","base0C":"#8BA59B","base0D":"#0D6678","base0E":"#8F4673","base0F":"#A87322"},"dark":true},"decaf":{"name":"decaf","colors":{"base00":"#2d2d2d","base01":"#393939","base02":"#515151","base03":"#777777","base04":"#b4b7b4","base05":"#cccccc","base06":"#e0e0e0","base07":"#ffffff","base08":"#ff7f7b","base09":"#ffbf70","base0A":"#ffd67c","base0B":"#beda78","base0C":"#bed6ff","base0D":"#90bee1","base0E":"#efb3f7","base0F":"#ff93b3"},"dark":true},"default-dark":{"name":"default-dark","colors":{"base00":"#181818","base01":"#282828","base02":"#383838","base03":"#585858","base04":"#b8b8b8","base05":"#d8d8d8","base06":"#e8e8e8","base07":"#f8f8f8","base08":"#ab4642","base09":"#dc9656","base0A":"#f7ca88","base0B":"#a1b56c","base0C":"#86c1b9","base0D":"#7cafc2","base0E":"#ba8baf","base0F":"#a16946"},"dark":true},"default-light":{"name":"default-light","colors":{"base00":"#f8f8f8","base01":"#e8e8e8","base02":"#d8d8d8","base03":"#b8b8b8","base04":"#585858","base05":"#383838","base06":"#282828","base07":"#181818","base08":"#ab4642","base09":"#dc9656","base0A":"#f7ca88","base0B":"#a1b56c","base0C":"#86c1b9","base0D":"#7cafc2","base0E":"#ba8baf","base0F":"#a16946"},"dark":false},"eighties":{"name":"eighties","colors":{"base00":"#2d2d2d","base01":"#393939","base02":"#515151","base03":"#747369","base04":"#a09f93","base05":"#d3d0c8","base06":"#e8e6df","base07":"#f2f0ec","base08":"#f2777a","base09":"#f99157","base0A":"#ffcc66","base0B":"#99cc99","base0C":"#66cccc","base0D":"#6699cc","base0E":"#cc99cc","base0F":"#d27b53"},"dark":true},"embers":{"name":"embers","colors":{"base00":"#16130F","base01":"#2C2620","base02":"#433B32","base03":"#5A5047","base04":"#8A8075","base05":"#A39A90","base06":"#BEB6AE","base07":"#DBD6D1","base08":"#826D57","base09":"#828257","base0A":"#6D8257","base0B":"#57826D","base0C":"#576D82","base0D":"#6D5782","base0E":"#82576D","base0F":"#825757"},"dark":true},"equilibrium-dark":{"name":"equilibrium-dark","colors":{"base00":"#0c1118","base01":"#181c22","base02":"#22262d","base03":"#7b776e","base04":"#949088","base05":"#afaba2","base06":"#cac6bd","base07":"#e7e2d9","base08":"#f04339","base09":"#df5923","base0A":"#bb8801","base0B":"#7f8b00","base0C":"#00948b","base0D":"#008dd1","base0E":"#6a7fd2","base0F":"#e3488e"},"dark":true},"equilibrium-gray-dark":{"name":"equilibrium-gray-dark","colors":{"base00":"#111111","base01":"#1b1b1b","base02":"#262626","base03":"#777777","base04":"#919191","base05":"#ababab","base06":"#c6c6c6","base07":"#e2e2e2","base08":"#f04339","base09":"#df5923","base0A":"#bb8801","base0B":"#7f8b00","base0C":"#00948b","base0D":"#008dd1","base0E":"#6a7fd2","base0F":"#e3488e"},"dark":true},"equilibrium-gray-light":{"name":"equilibrium-gray-light","colors":{"base00":"#f1f1f1","base01":"#e2e2e2","base02":"#d4d4d4","base03":"#777777","base04":"#5e5e5e","base05":"#474747","base06":"#303030","base07":"#1b1b1b","base08":"#d02023","base09":"#bf3e05","base0A":"#9d6f00","base0B":"#637200","base0C":"#007a72","base0D":"#0073b5","base0E":"#4e66b6","base0F":"#c42775"},"dark":false},"equilibrium-light":{"name":"equilibrium-light","colors":{"base00":"#f5f0e7","base01":"#e7e2d9","base02":"#d8d4cb","base03":"#73777f","base04":"#5a5f66","base05":"#43474e","base06":"#2c3138","base07":"#181c22","base08":"#d02023","base09":"#bf3e05","base0A":"#9d6f00","base0B":"#637200","base0C":"#007a72","base0D":"#0073b5","base0E":"#4e66b6","base0F":"#c42775"},"dark":false},"espresso":{"name":"espresso","colors":{"base00":"#2d2d2d","base01":"#393939","base02":"#515151","base03":"#777777","base04":"#b4b7b4","base05":"#cccccc","base06":"#e0e0e0","base07":"#ffffff","base08":"#d25252","base09":"#f9a959","base0A":"#ffc66d","base0B":"#a5c261","base0C":"#bed6ff","base0D":"#6c99bb","base0E":"#d197d9","base0F":"#f97394"},"dark":true},"eva-dim":{"name":"eva-dim","colors":{"base00":"#2a3b4d","base01":"#3d566f","base02":"#4b6988","base03":"#55799c","base04":"#7e90a3","base05":"#9fa2a6","base06":"#d6d7d9","base07":"#ffffff","base08":"#c4676c","base09":"#ff9966","base0A":"#cfd05d","base0B":"#5de561","base0C":"#4b8f77","base0D":"#1ae1dc","base0E":"#9c6cd3","base0F":"#bb64a9"},"dark":true},"eva":{"name":"eva","colors":{"base00":"#2a3b4d","base01":"#3d566f","base02":"#4b6988","base03":"#55799c","base04":"#7e90a3","base05":"#9fa2a6","base06":"#d6d7d9","base07":"#ffffff","base08":"#c4676c","base09":"#ff9966","base0A":"#ffff66","base0B":"#66ff66","base0C":"#4b8f77","base0D":"#15f4ee","base0E":"#9c6cd3","base0F":"#bb64a9"},"dark":true},"flat":{"name":"flat","colors":{"base00":"#2C3E50","base01":"#34495E","base02":"#7F8C8D","base03":"#95A5A6","base04":"#BDC3C7","base05":"#e0e0e0","base06":"#f5f5f5","base07":"#ECF0F1","base08":"#E74C3C","base09":"#E67E22","base0A":"#F1C40F","base0B":"#2ECC71","base0C":"#1ABC9C","base0D":"#3498DB","base0E":"#9B59B6","base0F":"#be643c"},"dark":true},"framer":{"name":"framer","colors":{"base00":"#181818","base01":"#151515","base02":"#464646","base03":"#747474","base04":"#B9B9B9","base05":"#D0D0D0","base06":"#E8E8E8","base07":"#EEEEEE","base08":"#FD886B","base09":"#FC4769","base0A":"#FECB6E","base0B":"#32CCDC","base0C":"#ACDDFD","base0D":"#20BCFC","base0E":"#BA8CFC","base0F":"#B15F4A"},"dark":true},"gigavolt":{"name":"gigavolt","colors":{"base00":"#202126","base01":"#2d303d","base02":"#5a576e","base03":"#a1d2e6","base04":"#cad3ff","base05":"#e9e7e1","base06":"#eff0f9","base07":"#f2fbff","base08":"#ff661a","base09":"#19f988","base0A":"#ffdc2d","base0B":"#f2e6a9","base0C":"#fb6acb","base0D":"#40bfff","base0E":"#ae94f9","base0F":"#6187ff"},"dark":true},"github":{"name":"github","colors":{"base00":"#ffffff","base01":"#f5f5f5","base02":"#c8c8fa","base03":"#969896","base04":"#353535","base05":"#333333","base06":"#1f1f1f","base07":"#111111","base08":"#ed6a43","base09":"#0086b3","base0A":"#795da3","base0B":"#183691","base0C":"#183691","base0D":"#795da3","base0E":"#a71d5d","base0F":"#a69900"},"dark":false},"google-dark":{"name":"google-dark","colors":{"base00":"#1d1f21","base01":"#282a2e","base02":"#373b41","base03":"#969896","base04":"#b4b7b4","base05":"#c5c8c6","base06":"#e0e0e0","base07":"#ffffff","base08":"#CC342B","base09":"#F96A38","base0A":"#FBA922","base0B":"#198844","base0C":"#3971ED","base0D":"#3971ED","base0E":"#A36AC7","base0F":"#3971ED"},"dark":true},"google-light":{"name":"google-light","colors":{"base00":"#ffffff","base01":"#e0e0e0","base02":"#c5c8c6","base03":"#b4b7b4","base04":"#969896","base05":"#373b41","base06":"#282a2e","base07":"#1d1f21","base08":"#CC342B","base09":"#F96A38","base0A":"#FBA922","base0B":"#198844","base0C":"#3971ED","base0D":"#3971ED","base0E":"#A36AC7","base0F":"#3971ED"},"dark":false},"grayscale-dark":{"name":"grayscale-dark","colors":{"base00":"#101010","base01":"#252525","base02":"#464646","base03":"#525252","base04":"#ababab","base05":"#b9b9b9","base06":"#e3e3e3","base07":"#f7f7f7","base08":"#7c7c7c","base09":"#999999","base0A":"#a0a0a0","base0B":"#8e8e8e","base0C":"#868686","base0D":"#686868","base0E":"#747474","base0F":"#5e5e5e"},"dark":true},"grayscale-light":{"name":"grayscale-light","colors":{"base00":"#f7f7f7","base01":"#e3e3e3","base02":"#b9b9b9","base03":"#ababab","base04":"#525252","base05":"#464646","base06":"#252525","base07":"#101010","base08":"#7c7c7c","base09":"#999999","base0A":"#a0a0a0","base0B":"#8e8e8e","base0C":"#868686","base0D":"#686868","base0E":"#747474","base0F":"#5e5e5e"},"dark":false},"green-screen":{"name":"黑客帝国","colors":{"base00":"#001100","base01":"#003300","base02":"#005500","base03":"#007700","base04":"#009900","base05":"#00bb00","base06":"#00dd00","base07":"#00ff00","base08":"#007700","base09":"#009900","base0A":"#007700","base0B":"#00bb00","base0C":"#005500","base0D":"#009900","base0E":"#00bb00","base0F":"#005500"},"order":2,"dark":true},"gruvbox-dark-hard":{"name":"gruvbox-dark-hard","colors":{"base00":"#1d2021","base01":"#3c3836","base02":"#504945","base03":"#665c54","base04":"#bdae93","base05":"#d5c4a1","base06":"#ebdbb2","base07":"#fbf1c7","base08":"#fb4934","base09":"#fe8019","base0A":"#fabd2f","base0B":"#b8bb26","base0C":"#8ec07c","base0D":"#83a598","base0E":"#d3869b","base0F":"#d65d0e"},"dark":true},"gruvbox-dark-medium":{"name":"gruvbox-dark-medium","colors":{"base00":"#282828","base01":"#3c3836","base02":"#504945","base03":"#665c54","base04":"#bdae93","base05":"#d5c4a1","base06":"#ebdbb2","base07":"#fbf1c7","base08":"#fb4934","base09":"#fe8019","base0A":"#fabd2f","base0B":"#b8bb26","base0C":"#8ec07c","base0D":"#83a598","base0E":"#d3869b","base0F":"#d65d0e"},"dark":true},"gruvbox-dark-pale":{"name":"gruvbox-dark-pale","colors":{"base00":"#262626","base01":"#3a3a3a","base02":"#4e4e4e","base03":"#8a8a8a","base04":"#949494","base05":"#dab997","base06":"#d5c4a1","base07":"#ebdbb2","base08":"#d75f5f","base09":"#ff8700","base0A":"#ffaf00","base0B":"#afaf00","base0C":"#85ad85","base0D":"#83adad","base0E":"#d485ad","base0F":"#d65d0e"},"dark":true},"gruvbox-dark-soft":{"name":"gruvbox-dark-soft","colors":{"base00":"#32302f","base01":"#3c3836","base02":"#504945","base03":"#665c54","base04":"#bdae93","base05":"#d5c4a1","base06":"#ebdbb2","base07":"#fbf1c7","base08":"#fb4934","base09":"#fe8019","base0A":"#fabd2f","base0B":"#b8bb26","base0C":"#8ec07c","base0D":"#83a598","base0E":"#d3869b","base0F":"#d65d0e"},"dark":true},"gruvbox-light-hard":{"name":"gruvbox-light-hard","colors":{"base00":"#f9f5d7","base01":"#ebdbb2","base02":"#d5c4a1","base03":"#bdae93","base04":"#665c54","base05":"#504945","base06":"#3c3836","base07":"#282828","base08":"#9d0006","base09":"#af3a03","base0A":"#b57614","base0B":"#79740e","base0C":"#427b58","base0D":"#076678","base0E":"#8f3f71","base0F":"#d65d0e"},"dark":false},"gruvbox-light-medium":{"name":"gruvbox-light-medium","colors":{"base00":"#fbf1c7","base01":"#ebdbb2","base02":"#d5c4a1","base03":"#bdae93","base04":"#665c54","base05":"#504945","base06":"#3c3836","base07":"#282828","base08":"#9d0006","base09":"#af3a03","base0A":"#b57614","base0B":"#79740e","base0C":"#427b58","base0D":"#076678","base0E":"#8f3f71","base0F":"#d65d0e"},"dark":false},"gruvbox-light-soft":{"name":"gruvbox-light-soft","colors":{"base00":"#f2e5bc","base01":"#ebdbb2","base02":"#d5c4a1","base03":"#bdae93","base04":"#665c54","base05":"#504945","base06":"#3c3836","base07":"#282828","base08":"#9d0006","base09":"#af3a03","base0A":"#b57614","base0B":"#79740e","base0C":"#427b58","base0D":"#076678","base0E":"#8f3f71","base0F":"#d65d0e"},"dark":false},"hardcore":{"name":"hardcore","colors":{"base00":"#212121","base01":"#303030","base02":"#353535","base03":"#4A4A4A","base04":"#707070","base05":"#cdcdcd","base06":"#e5e5e5","base07":"#ffffff","base08":"#f92672","base09":"#fd971f","base0A":"#e6db74","base0B":"#a6e22e","base0C":"#708387","base0D":"#66d9ef","base0E":"#9e6ffe","base0F":"#e8b882"},"dark":true},"harmonic16-dark":{"name":"harmonic16-dark","colors":{"base00":"#0b1c2c","base01":"#223b54","base02":"#405c79","base03":"#627e99","base04":"#aabcce","base05":"#cbd6e2","base06":"#e5ebf1","base07":"#f7f9fb","base08":"#bf8b56","base09":"#bfbf56","base0A":"#8bbf56","base0B":"#56bf8b","base0C":"#568bbf","base0D":"#8b56bf","base0E":"#bf568b","base0F":"#bf5656"},"dark":true},"harmonic16-light":{"name":"harmonic16-light","colors":{"base00":"#f7f9fb","base01":"#e5ebf1","base02":"#cbd6e2","base03":"#aabcce","base04":"#627e99","base05":"#405c79","base06":"#223b54","base07":"#0b1c2c","base08":"#bf8b56","base09":"#bfbf56","base0A":"#8bbf56","base0B":"#56bf8b","base0C":"#568bbf","base0D":"#8b56bf","base0E":"#bf568b","base0F":"#bf5656"},"dark":false},"helios":{"name":"helios","colors":{"base00":"#1d2021","base01":"#383c3e","base02":"#53585b","base03":"#6f7579","base04":"#cdcdcd","base05":"#d5d5d5","base06":"#dddddd","base07":"#e5e5e5","base08":"#d72638","base09":"#eb8413","base0A":"#f19d1a","base0B":"#88b92d","base0C":"#1ba595","base0D":"#1e8bac","base0E":"#be4264","base0F":"#c85e0d"},"dark":true},"hopscotch":{"name":"hopscotch","colors":{"base00":"#322931","base01":"#433b42","base02":"#5c545b","base03":"#797379","base04":"#989498","base05":"#b9b5b8","base06":"#d5d3d5","base07":"#ffffff","base08":"#dd464c","base09":"#fd8b19","base0A":"#fdcc59","base0B":"#8fc13e","base0C":"#149b93","base0D":"#1290bf","base0E":"#c85e7c","base0F":"#b33508"},"dark":true},"horizon-dark":{"name":"horizon-dark","colors":{"base00":"#1C1E26","base01":"#232530","base02":"#2E303E","base03":"#6F6F70","base04":"#9DA0A2","base05":"#CBCED0","base06":"#DCDFE4","base07":"#E3E6EE","base08":"#E95678","base09":"#FAB795","base0A":"#FAC29A","base0B":"#29D398","base0C":"#59E1E3","base0D":"#26BBD9","base0E":"#EE64AC","base0F":"#F09383"},"dark":true},"horizon-light":{"name":"horizon-light","colors":{"base00":"#FDF0ED","base01":"#FADAD1","base02":"#F9CBBE","base03":"#BDB3B1","base04":"#948C8A","base05":"#403C3D","base06":"#302C2D","base07":"#201C1D","base08":"#E95678","base09":"#ff7c5a","base0A":"#f15326","base0B":"#29D398","base0C":"#59E1E3","base0D":"#26BBD9","base0E":"#EE64AC","base0F":"#ab2904"},"dark":false},"humanoid-dark":{"name":"humanoid-dark","colors":{"base00":"#232629","base01":"#333b3d","base02":"#484e54","base03":"#60615d","base04":"#c0c0bd","base05":"#f8f8f2","base06":"#fcfcf6","base07":"#fcfcfc","base08":"#f11235","base09":"#ff9505","base0A":"#ffb627","base0B":"#02d849","base0C":"#0dd9d6","base0D":"#00a6fb","base0E":"#f15ee3","base0F":"#b27701"},"dark":true},"humanoid-light":{"name":"humanoid-light","colors":{"base00":"#f8f8f2","base01":"#efefe9","base02":"#deded8","base03":"#c0c0bd","base04":"#60615d","base05":"#232629","base06":"#2f3337","base07":"#070708","base08":"#b0151a","base09":"#ff3d00","base0A":"#ffb627","base0B":"#388e3c","base0C":"#008e8e","base0D":"#0082c9","base0E":"#700f98","base0F":"#b27701"},"dark":false},"icy-dark":{"name":"icy-dark","colors":{"base00":"#021012","base01":"#031619","base02":"#041f23","base03":"#052e34","base04":"#064048","base05":"#095b67","base06":"#0c7c8c","base07":"#109cb0","base08":"#16c1d9","base09":"#b3ebf2","base0A":"#80deea","base0B":"#4dd0e1","base0C":"#26c6da","base0D":"#00bcd4","base0E":"#00acc1","base0F":"#0097a7"},"dark":true},"ir-black":{"name":"ir-black","colors":{"base00":"#000000","base01":"#242422","base02":"#484844","base03":"#6c6c66","base04":"#918f88","base05":"#b5b3aa","base06":"#d9d7cc","base07":"#fdfbee","base08":"#ff6c60","base09":"#e9c062","base0A":"#ffffb6","base0B":"#a8ff60","base0C":"#c6c5fe","base0D":"#96cbfe","base0E":"#ff73fd","base0F":"#b18a3d"},"dark":true},"isotope":{"name":"isotope","colors":{"base00":"#000000","base01":"#404040","base02":"#606060","base03":"#808080","base04":"#c0c0c0","base05":"#d0d0d0","base06":"#e0e0e0","base07":"#ffffff","base08":"#ff0000","base09":"#ff9900","base0A":"#ff0099","base0B":"#33ff00","base0C":"#00ffff","base0D":"#0066ff","base0E":"#cc00ff","base0F":"#3300ff"},"dark":true},"kimber":{"name":"kimber","colors":{"base00":"#222222","base01":"#313131","base02":"#555D55","base03":"#644646","base04":"#5A5A5A","base05":"#DEDEE7","base06":"#C3C3B4","base07":"#FFFFE6","base08":"#C88C8C","base09":"#476C88","base0A":"#D8B56D","base0B":"#99C899","base0C":"#78B4B4","base0D":"#537C9C","base0E":"#86CACD","base0F":"#704F4F"},"dark":true},"macintosh":{"name":"macintosh","colors":{"base00":"#000000","base01":"#404040","base02":"#404040","base03":"#808080","base04":"#808080","base05":"#c0c0c0","base06":"#c0c0c0","base07":"#ffffff","base08":"#dd0907","base09":"#ff6403","base0A":"#fbf305","base0B":"#1fb714","base0C":"#02abea","base0D":"#0000d3","base0E":"#4700a5","base0F":"#90713a"},"dark":true},"marrakesh":{"name":"marrakesh","colors":{"base00":"#201602","base01":"#302e00","base02":"#5f5b17","base03":"#6c6823","base04":"#86813b","base05":"#948e48","base06":"#ccc37a","base07":"#faf0a5","base08":"#c35359","base09":"#b36144","base0A":"#a88339","base0B":"#18974e","base0C":"#75a738","base0D":"#477ca1","base0E":"#8868b3","base0F":"#b3588e"},"dark":true},"materia":{"name":"materia","colors":{"base00":"#263238","base01":"#2C393F","base02":"#37474F","base03":"#707880","base04":"#C9CCD3","base05":"#CDD3DE","base06":"#D5DBE5","base07":"#FFFFFF","base08":"#EC5F67","base09":"#EA9560","base0A":"#FFCC00","base0B":"#8BD649","base0C":"#80CBC4","base0D":"#89DDFF","base0E":"#82AAFF","base0F":"#EC5F67"},"dark":true},"material-darker":{"name":"material-darker","colors":{"base00":"#212121","base01":"#303030","base02":"#353535","base03":"#4A4A4A","base04":"#B2CCD6","base05":"#EEFFFF","base06":"#EEFFFF","base07":"#FFFFFF","base08":"#F07178","base09":"#F78C6C","base0A":"#FFCB6B","base0B":"#C3E88D","base0C":"#89DDFF","base0D":"#82AAFF","base0E":"#C792EA","base0F":"#FF5370"},"dark":true},"material-lighter":{"name":"material-lighter","colors":{"base00":"#f3fcfb","base01":"#dcf2f0","base02":"#94ece3","base03":"#4abcb0","base04":"#1aae9f","base05":"#129c8f","base06":"#018175","base07":"#004b44","base08":"#FF5370","base09":"#F76D47","base0A":"#FFB62C","base0B":"#91B859","base0C":"#39ADB5","base0D":"#6182B8","base0E":"#7C4DFF","base0F":"#E53935"},"dark":false},"material-palenight":{"name":"material-palenight","colors":{"base00":"#292D3E","base01":"#444267","base02":"#32374D","base03":"#676E95","base04":"#8796B0","base05":"#959DCB","base06":"#959DCB","base07":"#FFFFFF","base08":"#F07178","base09":"#F78C6C","base0A":"#FFCB6B","base0B":"#C3E88D","base0C":"#89DDFF","base0D":"#82AAFF","base0E":"#C792EA","base0F":"#FF5370"},"dark":true},"material-vivid":{"name":"material-vivid","colors":{"base00":"#202124","base01":"#27292c","base02":"#323639","base03":"#44464d","base04":"#676c71","base05":"#80868b","base06":"#9e9e9e","base07":"#ffffff","base08":"#f44336","base09":"#ff9800","base0A":"#ffeb3b","base0B":"#00e676","base0C":"#00bcd4","base0D":"#2196f3","base0E":"#673ab7","base0F":"#8d6e63"},"dark":true},"material":{"name":"material","colors":{"base00":"#263238","base01":"#2E3C43","base02":"#314549","base03":"#546E7A","base04":"#B2CCD6","base05":"#EEFFFF","base06":"#EEFFFF","base07":"#FFFFFF","base08":"#F07178","base09":"#F78C6C","base0A":"#FFCB6B","base0B":"#C3E88D","base0C":"#89DDFF","base0D":"#82AAFF","base0E":"#C792EA","base0F":"#FF5370"},"dark":true},"mexico-light":{"name":"mexico-light","colors":{"base00":"#f8f8f8","base01":"#e8e8e8","base02":"#d8d8d8","base03":"#b8b8b8","base04":"#585858","base05":"#383838","base06":"#282828","base07":"#181818","base08":"#ab4642","base09":"#dc9656","base0A":"#f79a0e","base0B":"#538947","base0C":"#4b8093","base0D":"#7cafc2","base0E":"#96609e","base0F":"#a16946"},"dark":false},"mocha":{"name":"mocha","colors":{"base00":"#3B3228","base01":"#534636","base02":"#645240","base03":"#7e705a","base04":"#b8afad","base05":"#d0c8c6","base06":"#e9e1dd","base07":"#f5eeeb","base08":"#cb6077","base09":"#d28b71","base0A":"#f4bc87","base0B":"#beb55b","base0C":"#7bbda4","base0D":"#8ab3b5","base0E":"#a89bb9","base0F":"#bb9584"},"dark":true},"monokai":{"name":"monokai","colors":{"base00":"#272822","base01":"#383830","base02":"#49483e","base03":"#75715e","base04":"#a59f85","base05":"#f8f8f2","base06":"#f5f4f1","base07":"#f9f8f5","base08":"#f92672","base09":"#fd971f","base0A":"#f4bf75","base0B":"#a6e22e","base0C":"#a1efe4","base0D":"#66d9ef","base0E":"#ae81ff","base0F":"#cc6633"},"dark":true},"nebula":{"name":"nebula","colors":{"base00":"#22273b","base01":"#414f60","base02":"#5a8380","base03":"#6e6f72","base04":"#87888b","base05":"#a4a6a9","base06":"#c7c9cd","base07":"#8dbdaa","base08":"#777abc","base09":"#94929e","base0A":"#4f9062","base0B":"#6562a8","base0C":"#226f68","base0D":"#4d6bb6","base0E":"#716cae","base0F":"#8c70a7"},"dark":true},"nord":{"name":"nord","colors":{"base00":"#2E3440","base01":"#3B4252","base02":"#434C5E","base03":"#4C566A","base04":"#D8DEE9","base05":"#E5E9F0","base06":"#ECEFF4","base07":"#8FBCBB","base08":"#88C0D0","base09":"#81A1C1","base0A":"#5E81AC","base0B":"#BF616A","base0C":"#D08770","base0D":"#EBCB8B","base0E":"#A3BE8C","base0F":"#B48EAD"},"dark":true},"nova":{"name":"nova","colors":{"base00":"#3C4C55","base01":"#556873","base02":"#6A7D89","base03":"#899BA6","base04":"#899BA6","base05":"#C5D4DD","base06":"#899BA6","base07":"#556873","base08":"#83AFE5","base09":"#7FC1CA","base0A":"#A8CE93","base0B":"#7FC1CA","base0C":"#F2C38F","base0D":"#83AFE5","base0E":"#9A93E1","base0F":"#F2C38F"},"dark":true},"ocean":{"name":"ocean","colors":{"base00":"#2b303b","base01":"#343d46","base02":"#4f5b66","base03":"#65737e","base04":"#a7adba","base05":"#c0c5ce","base06":"#dfe1e8","base07":"#eff1f5","base08":"#bf616a","base09":"#d08770","base0A":"#ebcb8b","base0B":"#a3be8c","base0C":"#96b5b4","base0D":"#8fa1b3","base0E":"#b48ead","base0F":"#ab7967"},"dark":true},"oceanicnext":{"name":"海洋之心","colors":{"base00":"#1B2B34","base01":"#343D46","base02":"#4F5B66","base03":"#65737E","base04":"#A7ADBA","base05":"#C0C5CE","base06":"#CDD3DE","base07":"#D8DEE9","base08":"#EC5f67","base09":"#F99157","base0A":"#FAC863","base0B":"#99C794","base0C":"#5FB3B3","base0D":"#6699CC","base0E":"#C594C5","base0F":"#AB7967"},"dark":true},"one-light":{"name":"one-light","colors":{"base00":"#fafafa","base01":"#f0f0f1","base02":"#e5e5e6","base03":"#a0a1a7","base04":"#696c77","base05":"#383a42","base06":"#202227","base07":"#090a0b","base08":"#ca1243","base09":"#d75f00","base0A":"#c18401","base0B":"#50a14f","base0C":"#0184bc","base0D":"#4078f2","base0E":"#a626a4","base0F":"#986801"},"dark":false},"onedark":{"name":"one-dark","colors":{"base00":"#282c34","base01":"#353b45","base02":"#3e4451","base03":"#545862","base04":"#565c64","base05":"#abb2bf","base06":"#b6bdca","base07":"#c8ccd4","base08":"#e06c75","base09":"#d19a66","base0A":"#e5c07b","base0B":"#98c379","base0C":"#56b6c2","base0D":"#61afef","base0E":"#c678dd","base0F":"#be5046"},"dark":true},"outrun-dark":{"name":"outrun-dark","colors":{"base00":"#00002A","base01":"#20204A","base02":"#30305A","base03":"#50507A","base04":"#B0B0DA","base05":"#D0D0FA","base06":"#E0E0FF","base07":"#F5F5FF","base08":"#FF4242","base09":"#FC8D28","base0A":"#F3E877","base0B":"#59F176","base0C":"#0EF0F0","base0D":"#66B0FF","base0E":"#F10596","base0F":"#F003EF"},"dark":true},"paraiso":{"name":"paraiso","colors":{"base00":"#2f1e2e","base01":"#41323f","base02":"#4f424c","base03":"#776e71","base04":"#8d8687","base05":"#a39e9b","base06":"#b9b6b0","base07":"#e7e9db","base08":"#ef6155","base09":"#f99b15","base0A":"#fec418","base0B":"#48b685","base0C":"#5bc4bf","base0D":"#06b6ef","base0E":"#815ba4","base0F":"#e96ba8"},"dark":true},"pasque":{"name":"pasque","colors":{"base00":"#271C3A","base01":"#100323","base02":"#3E2D5C","base03":"#5D5766","base04":"#BEBCBF","base05":"#DEDCDF","base06":"#EDEAEF","base07":"#BBAADD","base08":"#A92258","base09":"#918889","base0A":"#804ead","base0B":"#C6914B","base0C":"#7263AA","base0D":"#8E7DC6","base0E":"#953B9D","base0F":"#59325C"},"dark":true},"phd":{"name":"phd","colors":{"base00":"#061229","base01":"#2a3448","base02":"#4d5666","base03":"#717885","base04":"#9a99a3","base05":"#b8bbc2","base06":"#dbdde0","base07":"#ffffff","base08":"#d07346","base09":"#f0a000","base0A":"#fbd461","base0B":"#99bf52","base0C":"#72b9bf","base0D":"#5299bf","base0E":"#9989cc","base0F":"#b08060"},"dark":true},"pinky":{"name":"pinky","colors":{"base00":"#171517","base01":"#1b181b","base02":"#1d1b1d","base03":"#383338","base04":"#e7dbdb","base05":"#f5f5f5","base06":"#ffffff","base07":"#f7f3f7","base08":"#ffa600","base09":"#00ff66","base0A":"#20df6c","base0B":"#ff0066","base0C":"#6600ff","base0D":"#00ffff","base0E":"#007fff","base0F":"#df206c"},"dark":true},"pop":{"name":"pop","colors":{"base00":"#000000","base01":"#202020","base02":"#303030","base03":"#505050","base04":"#b0b0b0","base05":"#d0d0d0","base06":"#e0e0e0","base07":"#ffffff","base08":"#eb008a","base09":"#f29333","base0A":"#f8ca12","base0B":"#37b349","base0C":"#00aabb","base0D":"#0e5a94","base0E":"#b31e8d","base0F":"#7a2d00"},"dark":true},"porple":{"name":"porple","colors":{"base00":"#292c36","base01":"#333344","base02":"#474160","base03":"#65568a","base04":"#b8b8b8","base05":"#d8d8d8","base06":"#e8e8e8","base07":"#f8f8f8","base08":"#f84547","base09":"#d28e5d","base0A":"#efa16b","base0B":"#95c76f","base0C":"#64878f","base0D":"#8485ce","base0E":"#b74989","base0F":"#986841"},"dark":true},"primer-dark-colorblind":{"name":"primer-dark-colorblind","colors":{"base00":"#010409","base01":"#21262d","base02":"#30363d","base03":"#484f58","base04":"#8b949e","base05":"#b1bac4","base06":"#c9d1d9","base07":"#f0f6fc","base08":"#d69a00","base09":"#f0883e","base0A":"#d29922","base0B":"#42a0ff","base0C":"#a5d6ff","base0D":"#58a6ff","base0E":"#f778ba","base0F":"#bd561d"},"dark":true},"primer-dark-dimmed":{"name":"primer-dark-dimmed","colors":{"base00":"#1c2128","base01":"#373e47","base02":"#444c56","base03":"#545d68","base04":"#768390","base05":"#909dab","base06":"#adbac7","base07":"#cdd9e5","base08":"#f47067","base09":"#e0823d","base0A":"#c69026","base0B":"#57ab5a","base0C":"#96d0ff","base0D":"#539bf5","base0E":"#e275ad","base0F":"#ae5622"},"dark":true},"primer-dark-high-contrast":{"name":"primer-dark-high-contrast","colors":{"base00":"#010409","base01":"#272b33","base02":"#525964","base03":"#7a828e","base04":"#bdc4cc","base05":"#d9dee3","base06":"#f0f3f6","base07":"#ffffff","base08":"#ff9492","base09":"#fe9a2d","base0A":"#f0b72f","base0B":"#26cd4d","base0C":"#addcff","base0D":"#71b7ff","base0E":"#ff8dc7","base0F":"#e7811d"},"dark":true},"primer-dark":{"name":"primer-dark","colors":{"base00":"#010409","base01":"#21262d","base02":"#30363d","base03":"#484f58","base04":"#8b949e","base05":"#b1bac4","base06":"#c9d1d9","base07":"#f0f6fc","base08":"#ff7b72","base09":"#f0883e","base0A":"#d29922","base0B":"#3fb950","base0C":"#a5d6ff","base0D":"#58a6ff","base0E":"#f778ba","base0F":"#bd561d"},"dark":true},"primer-light-colorblind":{"name":"primer-light-colorblind","colors":{"base00":"#f6f8fa","base01":"#d0d7de","base02":"#afb8c1","base03":"#8c959f","base04":"#424a53","base05":"#32383f","base06":"#24292f","base07":"#1b1f24","base08":"#ac5e00","base09":"#bc4c00","base0A":"#9a6700","base0B":"#0566d5","base0C":"#54aeff","base0D":"#0969da","base0E":"#bf3989","base0F":"#762c00"},"dark":false},"primer-light":{"name":"primer-light","colors":{"base00":"#f6f8fa","base01":"#d0d7de","base02":"#afb8c1","base03":"#8c959f","base04":"#424a53","base05":"#32383f","base06":"#24292f","base07":"#1b1f24","base08":"#cf222e","base09":"#bc4c00","base0A":"#9a6700","base0B":"#1a7f37","base0C":"#54aeff","base0D":"#0969da","base0E":"#bf3989","base0F":"#762c00"},"dark":false},"qualia":{"name":"qualia","colors":{"base00":"#101010","base01":"#454545","base02":"#454545","base03":"#454545","base04":"#808080","base05":"#C0C0C0","base06":"#C0C0C0","base07":"#454545","base08":"#EFA6A2","base09":"#A3B8EF","base0A":"#E6A3DC","base0B":"#80C990","base0C":"#C8C874","base0D":"#50CACD","base0E":"#E0AF85","base0F":"#808080"},"dark":true},"railscasts":{"name":"railscasts","colors":{"base00":"#2b2b2b","base01":"#272935","base02":"#3a4055","base03":"#5a647e","base04":"#d4cfc9","base05":"#e6e1dc","base06":"#f4f1ed","base07":"#f9f7f3","base08":"#da4939","base09":"#cc7833","base0A":"#ffc66d","base0B":"#a5c261","base0C":"#519f50","base0D":"#6d9cbe","base0E":"#b6b3eb","base0F":"#bc9458"},"dark":true},"rose-pine-dawn":{"name":"rose-pine-dawn","colors":{"base00":"#faf4ed","base01":"#fffaf3","base02":"#f2e9de","base03":"#9893a5","base04":"#6e6a86","base05":"#575279","base06":"#555169","base07":"#26233a","base08":"#1f1d2e","base09":"#b4637a","base0A":"#ea9d34","base0B":"#d7827e","base0C":"#286983","base0D":"#56949f","base0E":"#907aa9","base0F":"#c5c3ce"},"dark":false},"rose-pine-moon":{"name":"rose-pine-moon","colors":{"base00":"#232136","base01":"#2a273f","base02":"#393552","base03":"#59546d","base04":"#817c9c","base05":"#e0def4","base06":"#f5f5f7","base07":"#d9d7e1","base08":"#ecebf0","base09":"#eb6f92","base0A":"#f6c177","base0B":"#ea9a97","base0C":"#3e8fb0","base0D":"#9ccfd8","base0E":"#c4a7e7","base0F":"#b9b9bc"},"dark":true},"rose-pine":{"name":"rose-pine","colors":{"base00":"#191724","base01":"#1f1d2e","base02":"#26233a","base03":"#555169","base04":"#6e6a86","base05":"#e0def4","base06":"#f0f0f3","base07":"#c5c3ce","base08":"#e2e1e7","base09":"#eb6f92","base0A":"#f6c177","base0B":"#ebbcba","base0C":"#31748f","base0D":"#9ccfd8","base0E":"#c4a7e7","base0F":"#e5e5e5"},"dark":true},"sagelight":{"name":"sagelight","colors":{"base00":"#f8f8f8","base01":"#e8e8e8","base02":"#d8d8d8","base03":"#b8b8b8","base04":"#585858","base05":"#383838","base06":"#282828","base07":"#181818","base08":"#fa8480","base09":"#ffaa61","base0A":"#ffdc61","base0B":"#a0d2c8","base0C":"#a2d6f5","base0D":"#a0a7d2","base0E":"#c8a0d2","base0F":"#d2b2a0"},"dark":false},"sakura":{"name":"樱花之恋","colors":{"base00":"#feedf3","base01":"#f8e2e7","base02":"#e0ccd1","base03":"#755f64","base04":"#665055","base05":"#564448","base06":"#42383a","base07":"#33292b","base08":"#df2d52","base09":"#f6661e","base0A":"#c29461","base0B":"#2e916d","base0C":"#1d8991","base0D":"#006e93","base0E":"#5e2180","base0F":"#ba0d35"},"dark":false},"sandcastle":{"name":"sandcastle","colors":{"base00":"#282c34","base01":"#2c323b","base02":"#3e4451","base03":"#665c54","base04":"#928374","base05":"#a89984","base06":"#d5c4a1","base07":"#fdf4c1","base08":"#83a598","base09":"#a07e3b","base0A":"#a07e3b","base0B":"#528b8b","base0C":"#83a598","base0D":"#83a598","base0E":"#d75f5f","base0F":"#a87322"},"dark":true},"shapeshifter":{"name":"shapeshifter","colors":{"base00":"#f9f9f9","base01":"#e0e0e0","base02":"#ababab","base03":"#555555","base04":"#343434","base05":"#102015","base06":"#040404","base07":"#000000","base08":"#e92f2f","base09":"#e09448","base0A":"#dddd13","base0B":"#0ed839","base0C":"#23edda","base0D":"#3b48e3","base0E":"#f996e2","base0F":"#69542d"},"dark":false},"silk-dark":{"name":"silk-dark","colors":{"base00":"#0e3c46","base01":"#1D494E","base02":"#2A5054","base03":"#587073","base04":"#9DC8CD","base05":"#C7DBDD","base06":"#CBF2F7","base07":"#D2FAFF","base08":"#fb6953","base09":"#fcab74","base0A":"#fce380","base0B":"#73d8ad","base0C":"#3fb2b9","base0D":"#46bddd","base0E":"#756b8a","base0F":"#9b647b"},"dark":true},"silk-light":{"name":"silk-light","colors":{"base00":"#E9F1EF","base01":"#CCD4D3","base02":"#90B7B6","base03":"#5C787B","base04":"#4B5B5F","base05":"#385156","base06":"#0e3c46","base07":"#D2FAFF","base08":"#CF432E","base09":"#D27F46","base0A":"#CFAD25","base0B":"#6CA38C","base0C":"#329CA2","base0D":"#39AAC9","base0E":"#6E6582","base0F":"#865369"},"dark":false},"snazzy":{"name":"snazzy","colors":{"base00":"#282a36","base01":"#34353e","base02":"#43454f","base03":"#78787e","base04":"#a5a5a9","base05":"#e2e4e5","base06":"#eff0eb","base07":"#f1f1f0","base08":"#ff5c57","base09":"#ff9f43","base0A":"#f3f99d","base0B":"#5af78e","base0C":"#9aedfe","base0D":"#57c7ff","base0E":"#ff6ac1","base0F":"#b2643c"},"dark":true},"solar-flare-light":{"name":"solar-flare-light","colors":{"base00":"#F5F7FA","base01":"#E8E9ED","base02":"#A6AFB8","base03":"#85939E","base04":"#667581","base05":"#586875","base06":"#222E38","base07":"#18262F","base08":"#EF5253","base09":"#E66B2B","base0A":"#E4B51C","base0B":"#7CC844","base0C":"#52CBB0","base0D":"#33B5E1","base0E":"#A363D5","base0F":"#D73C9A"},"dark":false},"solar-flare":{"name":"solar-flare","colors":{"base00":"#18262F","base01":"#222E38","base02":"#586875","base03":"#667581","base04":"#85939E","base05":"#A6AFB8","base06":"#E8E9ED","base07":"#F5F7FA","base08":"#EF5253","base09":"#E66B2B","base0A":"#E4B51C","base0B":"#7CC844","base0C":"#52CBB0","base0D":"#33B5E1","base0E":"#A363D5","base0F":"#D73C9A"},"dark":true},"solarized-dark":{"name":"solarized-dark","colors":{"base00":"#002b36","base01":"#073642","base02":"#586e75","base03":"#657b83","base04":"#839496","base05":"#93a1a1","base06":"#eee8d5","base07":"#fdf6e3","base08":"#dc322f","base09":"#cb4b16","base0A":"#b58900","base0B":"#859900","base0C":"#2aa198","base0D":"#268bd2","base0E":"#6c71c4","base0F":"#d33682"},"dark":true},"solarized-light":{"name":"solarized-light","colors":{"base00":"#fdf6e3","base01":"#eee8d5","base02":"#e5dab8","base03":"#839496","base04":"#657b83","base05":"#586e75","base06":"#073642","base07":"#002b36","base08":"#dc322f","base09":"#cb4b16","base0A":"#b58900","base0B":"#859900","base0C":"#2aa198","base0D":"#268bd2","base0E":"#6c71c4","base0F":"#d33682"},"dark":false},"spacemacs":{"name":"spacemacs","colors":{"base00":"#1f2022","base01":"#282828","base02":"#444155","base03":"#585858","base04":"#b8b8b8","base05":"#a3a3a3","base06":"#e8e8e8","base07":"#f8f8f8","base08":"#f2241f","base09":"#ffa500","base0A":"#b1951d","base0B":"#67b11d","base0C":"#2d9574","base0D":"#4f97d7","base0E":"#a31db1","base0F":"#b03060"},"dark":true},"summercamp":{"name":"summercamp","colors":{"base00":"#1c1810","base01":"#2a261c","base02":"#3a3527","base03":"#504b38","base04":"#5f5b45","base05":"#736e55","base06":"#bab696","base07":"#f8f5de","base08":"#e35142","base09":"#fba11b","base0A":"#f2ff27","base0B":"#5ceb5a","base0C":"#5aebbc","base0D":"#489bf0","base0E":"#FF8080","base0F":"#F69BE7"},"dark":true},"summerfruit-dark":{"name":"summerfruit-dark","colors":{"base00":"#151515","base01":"#202020","base02":"#303030","base03":"#505050","base04":"#B0B0B0","base05":"#D0D0D0","base06":"#E0E0E0","base07":"#FFFFFF","base08":"#FF0086","base09":"#FD8900","base0A":"#ABA800","base0B":"#00C918","base0C":"#1FAAAA","base0D":"#3777E6","base0E":"#AD00A1","base0F":"#CC6633"},"dark":true},"summerfruit-light":{"name":"summerfruit-light","colors":{"base00":"#FFFFFF","base01":"#E0E0E0","base02":"#D0D0D0","base03":"#B0B0B0","base04":"#000000","base05":"#101010","base06":"#151515","base07":"#202020","base08":"#FF0086","base09":"#FD8900","base0A":"#ABA800","base0B":"#00C918","base0C":"#1FAAAA","base0D":"#3777E6","base0E":"#AD00A1","base0F":"#CC6633"},"dark":false},"synth-midnight-terminal-dark":{"name":"synth-midnight-terminal-dark","colors":{"base00":"#050608","base01":"#1a1b1c","base02":"#28292a","base03":"#474849","base04":"#a3a5a6","base05":"#c1c3c4","base06":"#cfd1d2","base07":"#dddfe0","base08":"#b53b50","base09":"#ea770d","base0A":"#c9d364","base0B":"#06ea61","base0C":"#42fff9","base0D":"#03aeff","base0E":"#ea5ce2","base0F":"#cd6320"},"dark":true},"synth-midnight-terminal-light":{"name":"synth-midnight-terminal-light","colors":{"base00":"#dddfe0","base01":"#cfd1d2","base02":"#c1c3c4","base03":"#a3a5a6","base04":"#474849","base05":"#28292a","base06":"#1a1b1c","base07":"#050608","base08":"#b53b50","base09":"#ea770d","base0A":"#c9d364","base0B":"#06ea61","base0C":"#42fff9","base0D":"#03aeff","base0E":"#ea5ce2","base0F":"#cd6320"},"dark":false},"tender":{"name":"tender","colors":{"base00":"#282828","base01":"#383838","base02":"#484848","base03":"#4c4c4c","base04":"#b8b8b8","base05":"#eeeeee","base06":"#e8e8e8","base07":"#feffff","base08":"#f43753","base09":"#dc9656","base0A":"#ffc24b","base0B":"#c9d05c","base0C":"#73cef4","base0D":"#b3deef","base0E":"#d3b987","base0F":"#a16946"},"dark":true},"tomorrow-night-blue":{"name":"tomorrow-night-blue","colors":{"base00":"#002451","base01":"#002451","base02":"#003f8e","base03":"#00346e","base04":"#ffffff","base05":"#ffffff","base06":"#e0e0e0","base07":"#ffffff","base08":"#ff9da4 ","base09":"#ffc58f","base0A":"#ffeead","base0B":"#d1f1a9","base0C":"#99ffff","base0D":"#bbdaff","base0E":"#ebbbff","base0F":"#a3685a"},"dark":true},"tomorrow-night-bright":{"name":"tomorrow-night-bright","colors":{"base00":"#1d1f21","base01":"#282a2e","base02":"#373b41","base03":"#969896","base04":"#b4b7b4","base05":"#c5c8c6","base06":"#e0e0e0","base07":"#ffffff","base08":"#c82829","base09":"#f5871f","base0A":"#eab700","base0B":"#718c00","base0C":"#3e999f","base0D":"#4271ae","base0E":"#8959a8","base0F":"#a3685a"},"dark":true},"tomorrow-night-eighties":{"name":"tomorrow-night-eighties","colors":{"base00":"#2d2d2d","base01":"#393939","base02":"#515151","base03":"#999999","base04":"#b4b7b4","base05":"#cccccc","base06":"#e0e0e0","base07":"#ffffff","base08":"#f2777a","base09":"#f99157","base0A":"#ffcc66","base0B":"#99cc99","base0C":"#66cccc","base0D":"#6699cc","base0E":"#cc99cc","base0F":"#a3685a"},"dark":true},"tomorrow-night":{"name":"tomorrow-night","colors":{"base00":"#1d1f21","base01":"#282a2e","base02":"#373b41","base03":"#969896","base04":"#b4b7b4","base05":"#c5c8c6","base06":"#e0e0e0","base07":"#ffffff","base08":"#cc6666","base09":"#de935f","base0A":"#f0c674","base0B":"#b5bd68","base0C":"#8abeb7","base0D":"#81a2be","base0E":"#b294bb","base0F":"#a3685a"},"dark":true},"tomorrow":{"name":"tomorrow","colors":{"base00":"#ffffff","base01":"#e0e0e0","base02":"#d6d6d6","base03":"#8e908c","base04":"#969896","base05":"#4d4d4c","base06":"#282a2e","base07":"#1d1f21","base08":"#c82829","base09":"#f5871f","base0A":"#eab700","base0B":"#718c00","base0C":"#3e999f","base0D":"#4271ae","base0E":"#8959a8","base0F":"#a3685a"},"dark":false},"twilight":{"name":"twilight","colors":{"base00":"#1e1e1e","base01":"#323537","base02":"#464b50","base03":"#5f5a60","base04":"#838184","base05":"#a7a7a7","base06":"#c3c3c3","base07":"#ffffff","base08":"#cf6a4c","base09":"#cda869","base0A":"#f9ee98","base0B":"#8f9d6a","base0C":"#afc4db","base0D":"#7587a6","base0E":"#9b859d","base0F":"#9b703f"},"dark":true},"unikitty-dark":{"name":"unikitty-dark","colors":{"base00":"#2e2a31","base01":"#4a464d","base02":"#666369","base03":"#838085","base04":"#9f9da2","base05":"#bcbabe","base06":"#d8d7da","base07":"#f5f4f7","base08":"#d8137f","base09":"#d65407","base0A":"#dc8a0e","base0B":"#17ad98","base0C":"#149bda","base0D":"#796af5","base0E":"#bb60ea","base0F":"#c720ca"},"dark":true},"unikitty-light":{"name":"unikitty-light","colors":{"base00":"#ffffff","base01":"#e1e1e2","base02":"#c4c3c5","base03":"#a7a5a8","base04":"#89878b","base05":"#6c696e","base06":"#4f4b51","base07":"#322d34","base08":"#d8137f","base09":"#d65407","base0A":"#dc8a0e","base0B":"#17ad98","base0C":"#149bda","base0D":"#775dff","base0E":"#aa17e6","base0F":"#e013d0"},"dark":false},"vulcan":{"name":"vulcan","colors":{"base00":"#041523","base01":"#122339","base02":"#003552","base03":"#7a5759","base04":"#6b6977","base05":"#5b778c","base06":"#333238","base07":"#214d68","base08":"#818591","base09":"#9198a3","base0A":"#adb4b9","base0B":"#977d7c","base0C":"#977d7c","base0D":"#977d7c","base0E":"#9198a3","base0F":"#977d7c"},"dark":true},"windows-10-light":{"name":"windows-10-light","colors":{"base00":"#f2f2f2","base01":"#e5e5e5","base02":"#d9d9d9","base03":"#cccccc","base04":"#ababab","base05":"#767676","base06":"#414141","base07":"#0c0c0c","base08":"#c50f1f","base09":"#f6661e","base0A":"#c19c00","base0B":"#13a10e","base0C":"#3a96dd","base0D":"#0037da","base0E":"#881798","base0F":"#16c60c"},"dark":false},"windows-10":{"name":"windows-10","colors":{"base00":"#0c0c0c","base01":"#2f2f2f","base02":"#535353","base03":"#767676","base04":"#b9b9b9","base05":"#cccccc","base06":"#dfdfdf","base07":"#f2f2f2","base08":"#e74856","base09":"#c19c00","base0A":"#f9f1a5","base0B":"#16c60c","base0C":"#61d6d6","base0D":"#3b78ff","base0E":"#b4009e","base0F":"#13a10e"},"dark":true},"windows-95-light":{"name":"windows-95-light","colors":{"base00":"#fcfcfc","base01":"#e0e0e0","base02":"#c4c4c4","base03":"#a8a8a8","base04":"#7e7e7e","base05":"#545454","base06":"#2a2a2a","base07":"#000000","base08":"#a80000","base09":"#f6661e","base0A":"#a85400","base0B":"#00a800","base0C":"#00a8a8","base0D":"#0000a8","base0E":"#a800a8","base0F":"#277627"},"dark":false},"windows-95":{"name":"windows-95","colors":{"base00":"#000000","base01":"#1C1C1C","base02":"#383838","base03":"#545454","base04":"#7e7e7e","base05":"#a8a8a8","base06":"#d2d2d2","base07":"#fcfcfc","base08":"#fc5454","base09":"#a85400","base0A":"#fcfc54","base0B":"#277627","base0C":"#54fcfc","base0D":"#5454fc","base0E":"#fc54fc","base0F":"#00a800"},"dark":true},"windows-high-contrast-light":{"name":"windows-high-contrast-light","colors":{"base00":"#fcfcfc","base01":"#e8e8e8","base02":"#d4d4d4","base03":"#c0c0c0","base04":"#7e7e7e","base05":"#545454","base06":"#2a2a2a","base07":"#000000","base08":"#800000","base09":"#f6661e","base0A":"#808000","base0B":"#008000","base0C":"#008080","base0D":"#000080","base0E":"#800080","base0F":"#277627"},"dark":false},"windows-high-contrast":{"name":"windows-high-contrast","colors":{"base00":"#000000","base01":"#1C1C1C","base02":"#383838","base03":"#545454","base04":"#a2a2a2","base05":"#c0c0c0","base06":"#dedede","base07":"#fcfcfc","base08":"#fc5454","base09":"#808000","base0A":"#fcfc54","base0B":"#277627","base0C":"#54fcfc","base0D":"#5454fc","base0E":"#fc54fc","base0F":"#008000"},"dark":true},"windows-nt-light":{"name":"windows-nt-light","colors":{"base00":"#ffffff","base01":"#eaeaea","base02":"#d5d5d5","base03":"#c0c0c0","base04":"#a0a0a0","base05":"#808080","base06":"#404040","base07":"#000000","base08":"#800000","base09":"#f6661e","base0A":"#808000","base0B":"#008000","base0C":"#008080","base0D":"#000080","base0E":"#800080","base0F":"#00ff00"},"dark":false},"windows-nt":{"name":"windows-nt","colors":{"base00":"#000000","base01":"#2a2a2a","base02":"#555555","base03":"#808080","base04":"#a1a1a1","base05":"#c0c0c0","base06":"#e0e0e0","base07":"#ffffff","base08":"#ff0000","base09":"#808000","base0A":"#ffff00","base0B":"#00ff00","base0C":"#00ffff","base0D":"#0000ff","base0E":"#ff00ff","base0F":"#008000"},"dark":true},"woodland":{"name":"woodland","colors":{"base00":"#231e18","base01":"#302b25","base02":"#48413a","base03":"#9d8b70","base04":"#b4a490","base05":"#cabcb1","base06":"#d7c8bc","base07":"#e4d4c8","base08":"#d35c5c","base09":"#ca7f32","base0A":"#e0ac16","base0B":"#b7ba53","base0C":"#6eb958","base0D":"#88a4d3","base0E":"#bb90e2","base0F":"#b49368"},"dark":true},"xcode-dusk":{"name":"xcode-dusk","colors":{"base00":"#282B35","base01":"#3D4048","base02":"#53555D","base03":"#686A71","base04":"#7E8086","base05":"#939599","base06":"#A9AAAE","base07":"#BEBFC2","base08":"#B21889","base09":"#786DC5","base0A":"#438288","base0B":"#DF0002","base0C":"#00A0BE","base0D":"#790EAD","base0E":"#B21889","base0F":"#C77C48"},"dark":true},"zenburn":{"name":"zenburn","colors":{"base00":"#383838","base01":"#404040","base02":"#606060","base03":"#6f6f6f","base04":"#808080","base05":"#dcdccc","base06":"#c0c0c0","base07":"#ffffff","base08":"#dca3a3","base09":"#dfaf8f","base0A":"#e0cf9f","base0B":"#5f7f5f","base0C":"#93e0e3","base0D":"#7cb8bb","base0E":"#dc8cc3","base0F":"#000000"},"dark":true}}